Nombre,Inicio,Final,Gobierno,Dias de servicio
Alcide De Gasperi,1946-07-13,1947-02-02,De Gasperi II,204
Alcide De Gasperi,1947-02-02,1947-06-01,De Gasperi III,119
Alcide De Gasperi,1947-06-01,1948-05-24,De Gasperi IV,358
Alcide De Gasperi,1948-05-24,1950-01-27,De Gasperi V,613
Alcide De Gasperi,1950-01-27,1951-07-26,De Gasperi VI,545
Alcide De Gasperi,1951-07-26,1953-07-16,De Gasperi VII,721
Alcide De Gasperi,1953-07-16,1953-08-17,De Gasperi VIII[c],32
Giuseppe Pella,1953-08-17,1954-01-19,Pella,155
Amintore Fanfani,1954-01-19,1954-02-10,Fanfani I[c],22
Mario Scelba,1954-02-10,1955-07-06,Scelba,511
Antonio Segni,1955-07-06,1957-05-20,Segni I,684
Adone Zoli,1957-05-20,1958-07-02,Zoli,408
Amintore Fanfani,1958-07-02,1959-02-16,Fanfani II,229
Antonio Segni,1959-02-16,1960-03-26,Segni II,404
Fernando Tambroni,1960-03-26,1960-07-27,Tambroni,123
Amintore Fanfani,1960-07-27,1962-02-22,Fanfani III,575
Amintore Fanfani,1962-02-22,1963-06-22,Fanfani IV,485
Giovanni Leone,1963-06-22,1963-12-05,Leone I,166
Aldo Moro,1963-12-05,1964-07-23,Moro I,231
Aldo Moro,1964-07-23,1966-02-24,Moro II,581
Aldo Moro,1966-02-24,1968-06-25,Moro III,852
Giovanni Leone,1968-06-25,1968-12-13,Leone II,171
Mariano Rumor,1968-12-13,1969-08-06,Rumor I,236
Mariano Rumor,1969-08-06,1970-03-28,Rumor II,234
Mariano Rumor,1970-03-28,1970-08-06,Rumor III,131
Emilio Colombo,1970-08-06,1972-02-18,Colombo,561
Giulio Andreotti,1972-02-18,1972-06-26,Andreotti I[c],129
Giulio Andreotti,1972-06-26,1973-07-08,Andreotti II,377
Mariano Rumor,1973-07-08,1974-03-15,Rumor IV,250
Mariano Rumor,1974-03-15,1974-11-23,Rumor V,253
Aldo Moro,1974-11-23,1976-02-12,Moro IV,446
Aldo Moro,1976-02-12,1976-07-30,Moro V,169
Giulio Andreotti,1976-07-30,1978-03-13,Andreotti III,591
Giulio Andreotti,1978-03-13,1979-03-21,Andreotti IV,373
Giulio Andreotti,1979-03-21,1979-08-05,Andreotti V[c],137
Francesco Cossiga,1979-08-05,1980-04-04,Cossiga I,243
Francesco Cossiga,1980-04-04,1980-10-18,Cossiga II,197
Arnaldo Forlani,1980-10-18,1981-06-28,Forlani,253
Giovanni Spadolini,1981-06-28,1982-08-23,Spadolini I,421
Giovanni Spadolini,1982-08-23,1982-12-01,Spadolini II,100
Amintore Fanfani,1982-12-01,1983-08-04,Fanfani V,246
Bettino Craxi,1983-08-04,1986-08-01,Craxi I,1093
Bettino Craxi,1986-08-01,1987-04-18,Craxi II,260
Amintore Fanfani,1987-04-18,1987-07-29,Fanfani VI[c],102
Giovanni Goria,1987-07-29,1988-04-13,Goria,259
Ciriaco De Mita,1988-04-13,1989-07-23,De Mita,466
Giulio Andreotti,1989-07-23,1991-04-13,Andreotti VI,629
Giulio Andreotti,1991-04-13,1992-06-28,Andreotti VII,442
Giuliano Amato,1992-06-28,1993-04-28,Amato I,304
Carlo Azeglio Ciampi,1993-04-28,1994-05-11,Ciampi,378
Silvio Berlusconi,1994-05-11,1995-01-17,Berlusconi I,251
Lamberto Dini,1995-01-17,1996-05-18,Dini,487
Romano Prodi,1996-05-18,1998-10-21,Prodi I,886
Massimo D'Alema,1998-10-21,1999-12-22,D'Alema I,427
Massimo D'Alema,1999-12-22,2000-04-26,D'Alema II,126
Giuliano Amato,2000-04-26,2001-06-11,Amato II,411
Silvio Berlusconi,2001-06-11,2005-04-23,Berlusconi II,1412
Silvio Berlusconi,2005-04-23,2006-05-17,Berlusconi III,389
Romano Prodi,2006-05-17,2008-05-08,Prodi II,722
Silvio Berlusconi,2008-05-08,2011-11-16,Berlusconi IV,1287
Mario Monti,2011-11-16,2013-04-28,Monti,529
Enrico Letta,2013-04-28,2014-02-22,Letta,300
Matteo Renzi,2014-02-22,2016-12-12,Renzi,1024
Paolo Gentiloni,2016-12-12,2018-06-01,Gentiloni,536
Giuseppe Conte,2018-06-01,2019-09-05,Conte I,461
Giuseppe Conte,2019-09-05,2021-02-13,Conte II,527
Mario Draghi,2021-02-13,2022-10-22,Draghi,616
Giorgia Meloni,2022-10-22,2026-09-03,Meloni,1412
