Portrait,"Name
(Birth–Death)",Term of office,,,Party,,Government,Composition,"Legislature
(Election)","President
(Tenure)",Ref.
,,Took office,Left office,Time in office,,,,,,,
,"*Alcide De Gasperi*
(1881–1954)","13 July
1946","2 February
1947","7 years, 35 days",,Christian Democracy,De Gasperi II,"*CLN*
DC • PSIUP • PCI • PRI","*ConstituentAssembly*
(1946)","*EnricoDe Nicola*

(1946–1948)","[82]
[83]
[84]
[85]
[86]
[87]
[88]"
,,"2 February
1947","1 June
1947",,,,De Gasperi III,"*CLN*
DC • PSI • PCI • PDL",,,
,,"1 June
1947","24 May
1948",,,,De Gasperi IV,"*Centrism*
DC • PSLI • PLI • PRI",,,
,,"24 May
1948","27 January
1950",,,,De Gasperi V,,"I
(1948)","*Luigi Einaudi*

(1948–1955)",
,,"27 January
1950","26 July
1951",,,,De Gasperi VI,"*Centrism*
DC • PSLI • PRI",,,
,,"26 July
1951","16 July
1953",,,,De Gasperi VII,"*Centrism*
DC • PRI",,,
,,"16 July
1953","17 August
1953",,,,De Gasperi VIII[c],DC,"II
(1953)",,
,"*Giuseppe Pella*
(1902–1981)","17 August
1953","19 January
1954",155 days,,Christian Democracy,Pella,DC,,,[89]
,"*Amintore Fanfani*
(1908–1999)","19 January
1954","10 February
1954",22 days,,Christian Democracy,Fanfani I[c],DC,,,[90]
,"*Mario Scelba*
(1901–1991)","10 February
1954","6 July
1955","1 year, 146 days",,Christian Democracy,Scelba,"*Centrism*
DC • PSDI • PLI",,,[91]
,"*Antonio Segni*
(1891–1972)","6 July
1955","20 May
1957","1 year, 318 days",,Christian Democracy,Segni I,"*Centrism*
DC • PSDI • PLI",,"*GiovanniGronchi*

(1955–1962)",[92]
,"*Adone Zoli*
(1887–1960)","20 May
1957","2 July
1958","1 year, 43 days",,Christian Democracy,Zoli,DC,,,[93]
,"*Amintore Fanfani*
(1908–1999)","2 July
1958","16 February
1959",229 days,,Christian Democracy,Fanfani II,"*Centrism*
DC • PSDI","III
(1958)",,[94]
,"*Antonio Segni*
(1891–1972)","16 February
1959","26 March
1960","1 year, 39 days",,Christian Democracy,Segni II,DC,,,[95]
,"*Fernando Tambroni*
(1901–1963)","26 March
1960","27 July
1960",123 days,,Christian Democracy,Tambroni,DC,,,[96]
,"*Amintore Fanfani*
(1908–1999)","27 July
1960","22 February
1962","2 years, 330 days",,Christian Democracy,Fanfani III,DC,,,"[97]
[98]"
,,"22 February
1962","22 June
1963",,,,Fanfani IV,DC • PSDI • PRI,,"*Antonio Segni*

(1962–1964)",
,"*Giovanni Leone*
(1908–2001)","22 June
1963","5 December
1963",166 days,,Christian Democracy,Leone I,DC,"IV
(1963)",,[99]
,"*Aldo Moro*
(1916–1978)","5 December
1963","23 July
1964","4 years, 203 days",,Christian Democracy,Moro I,"*Organic centre-left*
DC • PSI • PSDI • PRI",,,"[100]
[101]
[102]"
,,"23 July
1964","24 February
1966",,,,Moro II,,,"*GiuseppeSaragat*

(1964–1971)",
,,"24 February
1966","25 June
1968",,,,Moro III,,,,
,"*Giovanni Leone*
(1908–2001)","25 June
1968","13 December
1968",171 days,,Christian Democracy,Leone II,DC,"V
(1968)",,[103]
,"*Mariano Rumor*
(1915–1990)","13 December
1968","6 August
1969","1 year, 236 days",,Christian Democracy,Rumor I,"*Organic centre-left*
DC • PSU • PRI",,,"[104]
[105]
[106]"
,,"6 August
1969","28 March
1970",,,,Rumor II,DC,,,
,,"28 March
1970","6 August
1970",,,,Rumor III,"*Organic centre-left*
DC • PSI • PSDI • PRI",,,
,"*Emilio Colombo*
(1920–2013)","6 August
1970","18 February
1972","1 year, 196 days",,Christian Democracy,Colombo,"*Organic centre-left*
DC • PSI • PSDI • PRI",,,[107]
,"*Giulio Andreotti*
(1919–2013)","18 February
1972","26 June
1972","1 year, 140 days",,Christian Democracy,Andreotti I[c],DC,,"*GiovanniLeone*

(1971–1978)","[108]
[109]"
,,"26 June
1972","8 July
1973",,,,Andreotti II,DC • PSDI • PLI,"VI
(1972)",,
,"*Mariano Rumor*
(1915–1990)","8 July
1973","15 March
1974","1 year, 138 days",,Christian Democracy,Rumor IV,"*Organic centre-left*
DC • PSI • PSDI • PRI",,,"[110]
[111]"
,,"15 March
1974","23 November
1974",,,,Rumor V,"*Organic centre-left*
DC • PSI • PSDI",,,
,"*Aldo Moro*
(1916–1978)","23 November
1974","12 February
1976","1 year, 250 days",,Christian Democracy,Moro IV,DC • PRI,,,"[112]
[113]"
,,"12 February
1976","30 July
1976",,,,Moro V,DC,,,
,"*Giulio Andreotti*
(1919–2013)","30 July
1976","13 March
1978","3 years, 6 days",,Christian Democracy,Andreotti III,"*Historic Compromise*[d]
DC","VII
(1976)",,"[114]
[115]
[116]"
,,"13 March
1978","21 March
1979",,,,Andreotti IV,,,"*Sandro Pertini*

(1978–1985)",
,,"21 March
1979","5 August
1979",,,,Andreotti V[c],DC • PSDI • PRI,,,
,"*Francesco Cossiga*
(1928–2010)","5 August
1979","4 April
1980","1 year, 74 days",,Christian Democracy,Cossiga I,DC • PSDI • PLI,"VIII
(1979)",,"[117]
[118]"
,,"4 April
1980","18 October
1980",,,,Cossiga II,"*Organic centre-left*
DC • PSI • PRI",,,
,"*Arnaldo Forlani*
(1925–2023)","18 October
1980","28 June
1981",253 days,,Christian Democracy,Forlani,"*Organic centre-left*
DC • PSI • PSDI • PRI",,,[119]
,"*Giovanni Spadolini*
(1925–1994)","28 June
1981","23 August
1982","1 year, 156 days",,Italian Republican Party,Spadolini I,"*Pentapartito*
DC • PSI • PSDI • PRI • PLI",,,"[120]
[121]"
,,"23 August
1982","1 December
1982",,,,Spadolini II,,,,
,"*Amintore Fanfani*
(1908–1999)","1 December
1982","4 August
1983",246 days,,Christian Democracy,Fanfani V,DC • PSI • PSDI • PLI,,,[122]
,"*Bettino Craxi*
(1934–2000)","4 August
1983","1 August
1986","3 years, 257 days",,Italian Socialist Party,Craxi I,"*Pentapartito*
DC • PSI • PRI • PSDI • PLI","IX
(1983)",,"[123]
[124]"
,,"1 August
1986","18 April
1987",,,,Craxi II,,,"*Francesco Cossiga*

(1985–1992)",
,"*Amintore Fanfani*
(1908–1999)","18 April
1987","29 July
1987",102 days,,Christian Democracy,Fanfani VI[c],DC,,,[98]
,"*Giovanni Goria*
(1943–1994)","29 July
1987","13 April
1988",259 days,,Christian Democracy,Goria,"*Pentapartito*
DC • PSI • PRI • PSDI • PLI","X
(1987)",,[125]
,"*Ciriaco De Mita*
(1928–2022)","13 April
1988","23 July
1989","1 year, 101 days",,Christian Democracy,De Mita,"*Pentapartito*
DC • PSI • PRI • PSDI • PLI",,,[126]
,"*Giulio Andreotti*
(1919–2013)","23 July
1989","13 April
1991","2 years, 341 days",,Christian Democracy,Andreotti VI,"*Pentapartito*
DC • PSI • PRI • PSDI • PLI",,,"[127]
[128]"
,,"13 April
1991","28 June
1992",,,,Andreotti VII,"*Quadripartito*
DC • PSI • PSDI • PLI",,,
,"*Giuliano Amato*
(born 1938)","28 June
1992","28 April
1993",304 days,,Italian Socialist Party,Amato I,"*Quadripartito*
DC • PSI • PLI • PSDI","XI
(1992)","*Oscar Luigi Scalfaro*

(1992–1999)",[129]
,"*Carlo Azeglio Ciampi*
(1920–2016)","28 April
1993","11 May
1994","1 year, 13 days",,Independent,Ciampi,DC • PSI • PDS[e] • PLI • PRI • PSDI • FdV[e],,,[130]
,"*Silvio Berlusconi*
(1936–2023)","11 May
1994","17 January
1995",251 days,,Forza Italia,Berlusconi I,"*PdL–PBG*
FI • LN • AN • CCD • UdC","XII
(1994)",,[131]
,"*Lamberto Dini*
(born 1931)","17 January
1995","18 May
1996","1 year, 122 days",,Independent,Dini,"*Technocratic government*
(Confidence & supply: PDS, FI, LN, PPI, CCD, FL, FdV, PS, LR, AD, SI)",,,[132]
,"*Romano Prodi*
(born 1939)","18 May
1996","21 October
1998","2 years, 156 days",,Independent[f],Prodi I,"*The Olive Tree*
PDS • PPI • RI • FdV • UD","XIII
(1996)",,[133]
,"*Massimo D'Alema*
(born 1949)","21 October
1998","22 December
1999","1 year, 188 days",,Democrats of the Left,D'Alema I,"*The Olive Tree*
DS • PPI • RI • SDI[g] • FdV • PdCI • UDR[h] • UDEUR[i] • Dem[i]",,,"[134]
[135]"
,,"22 December
1999","26 April
2000",,,,D'Alema II,,,"*Carlo Azeglio Ciampi*

(1999–2006)",
,"*Giuliano Amato*
(born 1938)","26 April
2000","11 June
2001","1 year, 46 days",,Independent[f],Amato II,"*The Olive Tree*
DS • PPI • Dem • FdV • PdCI • UDEUR • RI • SDI",,,[136]
,"*Silvio Berlusconi*
(1936–2023)","11 June
2001","23 April
2005","4 years, 340 days",,Forza Italia,Berlusconi II,"*House of Freedoms*
FI • AN • LN • UDC • NPSI • PRI","XIV
(2001)",,"[137]
[138]"
,,"23 April
2005","17 May
2006",,,,Berlusconi III,,,,
,"*Romano Prodi*
(born 1939)","17 May
2006","8 May
2008","1 year, 357 days",,Independent[j],Prodi II,"*The Union*
DS[j] • DL[j] • PRC • RnP • PdCI • IdV • FdV • UDEUR","XV
(2006)","*Giorgio Napolitano*

(2006–2015)",[139]
,"*Silvio Berlusconi*
(1936–2023)","8 May
2008","16 November
2011","3 years, 192 days",,The People of Freedom,Berlusconi IV,PdL • LN,"XVI
(2008)",,[140]
,"*Mario Monti*
(born 1943)","16 November
2011","28 April
2013","1 year, 163 days",,Independent[k],Monti,"*Technocratic government*
(Confidence & supply: PdL, PD, UdC, FLI, PeT, ApI, PLI)",,,[141]
,"*Enrico Letta*
(born 1966)","28 April
2013","22 February
2014",300 days,,Democratic Party,Letta,PD • PdL[l] • SC • UDC • RI • NCD[m] • PpI[m],"XVII
(2013)",,[142]
,"*Matteo Renzi*
(born 1975)","22 February
2014","12 December
2016","2 years, 294 days",,Democratic Party,Renzi,PD[n] • NCD[n] • SC • UDC,,"*Sergio Mattarella*

(2015–present)",[143]
,"*Paolo Gentiloni*
(born 1954)","12 December
2016","1 June
2018","1 year, 171 days",,Democratic Party,Gentiloni,PD • NCD/AP • CpE,,,[144]
,"*Giuseppe Conte*
(born 1964)","1 June
2018","5 September
2019","2 years, 257 days",,Independent[o],Conte I,M5S • Lega,"XVIII
(2018)",,"[145]
[146]"
,,"5 September
2019","13 February
2021",,,,Conte II,M5S • PD • Art.1 • IV[p],,,
,"*Mario Draghi*
(born 1947)","13 February
2021","22 October
2022","1 year, 251 days",,Independent,Draghi,M5S • Lega • PD • FI • IpF[q] • IV • Art.1 • Az[r],,,[147]
,"*Giorgia Meloni*
(born 1977)","22 October
2022",Incumbent,"3 years, 330 days",,Brothers of Italy,Meloni,FdI • Lega • FI,"XIX
(2022)",,[148]